-- phpMyAdmin SQL Dump
-- version 5.2.1
-- https://www.phpmyadmin.net/
--
-- Host: 127.0.0.1
-- Waktu pembuatan: 14 Apr 2025 pada 02.01
-- Versi server: 10.4.32-MariaDB
-- Versi PHP: 8.2.12

SET SQL_MODE = "NO_AUTO_VALUE_ON_ZERO";
START TRANSACTION;
SET time_zone = "+00:00";


/*!40101 SET @OLD_CHARACTER_SET_CLIENT=@@CHARACTER_SET_CLIENT */;
/*!40101 SET @OLD_CHARACTER_SET_RESULTS=@@CHARACTER_SET_RESULTS */;
/*!40101 SET @OLD_COLLATION_CONNECTION=@@COLLATION_CONNECTION */;
/*!40101 SET NAMES utf8mb4 */;

--
-- Database: `skripsi`
--

-- --------------------------------------------------------

--
-- Struktur dari tabel `alternatif`
--

CREATE TABLE `alternatif` (
  `id` int(11) NOT NULL,
  `kode` varchar(10) NOT NULL,
  `alternatif` varchar(100) NOT NULL,
  `posisi` varchar(100) NOT NULL
) ENGINE=InnoDB DEFAULT CHARSET=utf8mb4 COLLATE=utf8mb4_general_ci;

--
-- Dumping data untuk tabel `alternatif`
--

INSERT INTO `alternatif` (`id`, `kode`, `alternatif`, `posisi`) VALUES
(2, 'A02', 'Nova', 'spiker'),
(3, 'A03', 'Irma', 'spiker'),
(4, 'A04', 'Karlina', 'spiker'),
(5, 'A05', 'Rika', 'spiker'),
(6, 'A06', 'Eka', 'spiker'),
(7, 'A07', 'Elis', 'spiker'),
(8, 'A08', 'Dede', 'spiker'),
(9, 'A09', 'Sela', 'spiker'),
(10, 'A10', 'Amelia', 'spiker'),
(11, 'A11', 'Husna', 'spiker'),
(12, 'A12', 'Anisa', 'spiker'),
(13, 'A01', 'Tita', 'spiker');

-- --------------------------------------------------------

--
-- Struktur dari tabel `alternatif_data`
--

CREATE TABLE `alternatif_data` (
  `id` int(11) NOT NULL,
  `alternatif_id` int(11) NOT NULL,
  `berat_badan` decimal(5,2) NOT NULL,
  `tinggi_badan` decimal(5,2) NOT NULL,
  `kecepatan` decimal(5,2) NOT NULL,
  `imt` decimal(5,2) NOT NULL,
  `created_at` timestamp NOT NULL DEFAULT current_timestamp(),
  `updated_at` timestamp NOT NULL DEFAULT current_timestamp() ON UPDATE current_timestamp()
) ENGINE=InnoDB DEFAULT CHARSET=latin1 COLLATE=latin1_swedish_ci;

--
-- Dumping data untuk tabel `alternatif_data`
--

INSERT INTO `alternatif_data` (`id`, `alternatif_id`, `berat_badan`, `tinggi_badan`, `kecepatan`, `imt`, `created_at`, `updated_at`) VALUES
(1, 2, 51.00, 161.00, 7.00, 19.68, '2025-04-13 20:52:24', '2025-04-13 20:52:24'),
(2, 3, 50.00, 154.00, 7.80, 21.08, '2025-04-13 20:52:24', '2025-04-13 20:52:24'),
(3, 4, 59.00, 169.00, 7.20, 20.66, '2025-04-13 20:52:24', '2025-04-13 20:52:24'),
(4, 5, 60.00, 165.00, 8.10, 22.04, '2025-04-13 20:52:24', '2025-04-13 20:52:24'),
(5, 6, 53.00, 154.00, 7.90, 22.35, '2025-04-13 20:52:24', '2025-04-13 20:52:24'),
(6, 7, 55.00, 158.00, 8.30, 22.03, '2025-04-13 20:52:24', '2025-04-13 20:52:24'),
(7, 8, 46.00, 154.00, 6.80, 19.40, '2025-04-13 20:52:24', '2025-04-13 20:52:24'),
(8, 9, 43.00, 153.00, 5.30, 18.37, '2025-04-13 20:52:24', '2025-04-13 20:52:24'),
(9, 10, 50.00, 160.00, 7.00, 19.53, '2025-04-13 20:52:24', '2025-04-13 20:52:24'),
(10, 11, 41.00, 152.00, 5.10, 17.75, '2025-04-13 20:52:24', '2025-04-13 20:52:24'),
(11, 12, 53.00, 154.00, 8.00, 22.35, '2025-04-13 20:52:24', '2025-04-13 20:52:24'),
(12, 13, 55.00, 163.00, 7.10, 20.70, '2025-04-13 20:52:24', '2025-04-13 20:55:42');

-- --------------------------------------------------------

--
-- Struktur dari tabel `bobot_kriteria`
--

CREATE TABLE `bobot_kriteria` (
  `id` int(11) NOT NULL,
  `kriteria_id` int(11) NOT NULL,
  `bobot` double NOT NULL
) ENGINE=InnoDB DEFAULT CHARSET=utf8mb4 COLLATE=utf8mb4_general_ci;

--
-- Dumping data untuk tabel `bobot_kriteria`
--

INSERT INTO `bobot_kriteria` (`id`, `kriteria_id`, `bobot`) VALUES
(1, 1, 0.14285714285714),
(2, 2, 0.14285714285714),
(3, 3, 0.14285714285714),
(4, 4, 0.14285714285714),
(5, 5, 0.14285714285714),
(6, 6, 0.14285714285714),
(8, 1, 0.242484371392),
(9, 2, 0.20083265553843),
(10, 3, 0.17185963213379),
(11, 4, 0.10332575479752),
(12, 5, 0.17566227464796),
(13, 6, 0.050355795150852),
(15, 1, 0.242484371392),
(16, 2, 0.20083265553843),
(17, 3, 0.17185963213379),
(18, 4, 0.10332575479752),
(19, 5, 0.17566227464796),
(20, 6, 0.050355795150852),
(22, 1, 0.242484371392),
(23, 2, 0.20083265553843),
(24, 3, 0.17185963213379),
(25, 4, 0.10332575479752),
(26, 5, 0.17566227464796),
(27, 6, 0.050355795150852),
(29, 1, 0.242484371392),
(30, 2, 0.20083265553843),
(31, 3, 0.17185963213379),
(32, 4, 0.10332575479752),
(33, 5, 0.17566227464796),
(34, 6, 0.050355795150852),
(36, 1, 0.242484371392),
(37, 2, 0.20083265553843),
(38, 3, 0.17185963213379),
(39, 4, 0.10332575479752),
(40, 5, 0.17566227464796),
(41, 6, 0.050355795150852),
(43, 1, 0.242484371392),
(44, 2, 0.20083265553843),
(45, 3, 0.17185963213379),
(46, 4, 0.10332575479752),
(47, 5, 0.17566227464796),
(48, 6, 0.050355795150852),
(50, 1, 0.242484371392),
(51, 2, 0.20083265553843),
(52, 3, 0.17185963213379),
(53, 4, 0.10332575479752),
(54, 5, 0.17566227464796),
(55, 6, 0.050355795150852),
(57, 1, 0.242484371392),
(58, 2, 0.20083265553843),
(59, 3, 0.17185963213379),
(60, 4, 0.10332575479752),
(61, 5, 0.17566227464796),
(62, 6, 0.050355795150852),
(64, 1, 0.242484371392),
(65, 2, 0.20083265553843),
(66, 3, 0.17185963213379),
(67, 4, 0.10332575479752),
(68, 5, 0.17566227464796),
(69, 6, 0.050355795150852),
(71, 1, 0.242484371392),
(72, 2, 0.20083265553843),
(73, 3, 0.17185963213379),
(74, 4, 0.10332575479752),
(75, 5, 0.17566227464796),
(76, 6, 0.050355795150852),
(78, 1, 0.242484371392),
(79, 2, 0.20083265553843),
(80, 3, 0.17185963213379),
(81, 4, 0.10332575479752),
(82, 5, 0.17566227464796),
(83, 6, 0.050355795150852),
(85, 1, 0.242484371392),
(86, 2, 0.20083265553843),
(87, 3, 0.17185963213379),
(88, 4, 0.10332575479752),
(89, 5, 0.17566227464796),
(90, 6, 0.050355795150852),
(92, 1, 0.242484371392),
(93, 2, 0.20083265553843),
(94, 3, 0.17185963213379),
(95, 4, 0.10332575479752),
(96, 5, 0.17566227464796),
(97, 6, 0.050355795150852),
(99, 1, 0.242484371392),
(100, 2, 0.20083265553843),
(101, 3, 0.17185963213379),
(102, 4, 0.10332575479752),
(103, 5, 0.17566227464796),
(104, 6, 0.050355795150852),
(106, 1, 0.242484371392),
(107, 2, 0.20083265553843),
(108, 3, 0.17185963213379),
(109, 4, 0.10332575479752),
(110, 5, 0.17566227464796),
(111, 6, 0.050355795150852),
(113, 1, 0.242484371392),
(114, 2, 0.20083265553843),
(115, 3, 0.17185963213379),
(116, 4, 0.10332575479752),
(117, 5, 0.17566227464796),
(118, 6, 0.050355795150852),
(120, 1, 0.242484371392),
(121, 2, 0.20083265553843),
(122, 3, 0.17185963213379),
(123, 4, 0.10332575479752),
(124, 5, 0.17566227464796),
(125, 6, 0.050355795150852),
(127, 1, 0.27461339637286),
(128, 2, 0.2168378102011),
(129, 3, 0.17589076640742),
(130, 4, 0.10231232433109),
(131, 5, 0.17776535492808),
(132, 6, 0.052580347759448),
(133, 1, 0.27461339637286),
(134, 2, 0.2168378102011),
(135, 3, 0.17589076640742),
(136, 4, 0.10231232433109),
(137, 5, 0.17776535492808),
(138, 6, 0.052580347759448),
(139, 1, 0.27461339637286),
(140, 2, 0.2168378102011),
(141, 3, 0.17589076640742),
(142, 4, 0.10231232433109),
(143, 5, 0.17776535492808),
(144, 6, 0.052580347759448),
(145, 1, 0.23538291117674),
(146, 2, 0.18586098017237),
(147, 3, 0.1507635140635),
(148, 4, 0.08769627799808),
(149, 5, 0.15237030422407),
(150, 6, 0.045068869508098),
(151, 8, 0.14285714285714),
(152, 1, 0.25579107444204),
(153, 2, 0.21035077609073),
(154, 3, 0.17933494263493),
(155, 4, 0.10810444126339),
(156, 5, 0.18502336544856),
(157, 6, 0.053232134814221),
(158, 8, 0.0081632653061224),
(159, 1, 0.25579107444204),
(160, 2, 0.21035077609073),
(161, 3, 0.17933494263493),
(162, 4, 0.10810444126339),
(163, 5, 0.18502336544856),
(164, 6, 0.053232134814221),
(165, 8, 0.0081632653061224),
(166, 1, 0.25579107444204),
(167, 2, 0.21035077609073),
(168, 3, 0.17933494263493),
(169, 4, 0.10810444126339),
(170, 5, 0.18502336544856),
(171, 6, 0.053232134814221),
(172, 8, 0.0081632653061224),
(173, 1, 0.25579107444204),
(174, 2, 0.21035077609073),
(175, 3, 0.17933494263493),
(176, 4, 0.10810444126339),
(177, 5, 0.18502336544856),
(178, 6, 0.053232134814221),
(179, 8, 0.0081632653061224),
(180, 1, 0.25579107444204),
(181, 2, 0.21035077609073),
(182, 3, 0.17933494263493),
(183, 4, 0.10810444126339),
(184, 5, 0.18502336544856),
(185, 6, 0.053232134814221),
(186, 8, 0.0081632653061224),
(187, 1, 0.242484371392),
(188, 2, 0.20083265553843),
(189, 3, 0.17185963213379),
(190, 4, 0.10332575479752),
(191, 5, 0.17566227464796),
(192, 6, 0.050355795150852),
(193, 8, 0.055479516339451),
(194, 1, 0.242484371392),
(195, 2, 0.20083265553843),
(196, 3, 0.17185963213379),
(197, 4, 0.10332575479752),
(198, 5, 0.17566227464796),
(199, 6, 0.050355795150852),
(200, 8, 0.055479516339451),
(201, 1, 0.242484371392),
(202, 2, 0.20083265553843),
(203, 3, 0.17185963213379),
(204, 4, 0.10332575479752),
(205, 5, 0.17566227464796),
(206, 6, 0.050355795150852),
(207, 8, 0.055479516339451),
(208, 1, 0.242484371392),
(209, 2, 0.20083265553843),
(210, 3, 0.17185963213379),
(211, 4, 0.10332575479752),
(212, 5, 0.17566227464796),
(213, 6, 0.050355795150852),
(214, 8, 0.055479516339451),
(215, 1, 0.242484371392),
(216, 2, 0.20083265553843),
(217, 3, 0.17185963213379),
(218, 4, 0.10332575479752),
(219, 5, 0.17566227464796),
(220, 6, 0.050355795150852),
(221, 8, 0.055479516339451),
(222, 1, 0.242484371392),
(223, 2, 0.20083265553843),
(224, 3, 0.17185963213379),
(225, 4, 0.10332575479752),
(226, 5, 0.17566227464796),
(227, 6, 0.050355795150852),
(228, 8, 0.055479516339451),
(229, 1, 0.242484371392),
(230, 2, 0.20083265553843),
(231, 3, 0.17185963213379),
(232, 4, 0.10332575479752),
(233, 5, 0.17566227464796),
(234, 6, 0.050355795150852),
(235, 8, 0.055479516339451),
(236, 1, 0.242484371392),
(237, 2, 0.20083265553843),
(238, 3, 0.17185963213379),
(239, 4, 0.10332575479752),
(240, 5, 0.17566227464796),
(241, 6, 0.050355795150852),
(242, 8, 0.055479516339451),
(243, 1, 0.242484371392),
(244, 2, 0.20083265553843),
(245, 3, 0.17185963213379),
(246, 4, 0.10332575479752),
(247, 5, 0.17566227464796),
(248, 6, 0.050355795150852),
(249, 8, 0.055479516339451),
(250, 1, 0.242484371392),
(251, 2, 0.20083265553843),
(252, 3, 0.17185963213379),
(253, 4, 0.10332575479752),
(254, 5, 0.17566227464796),
(255, 6, 0.050355795150852),
(256, 8, 0.055479516339451),
(257, 1, 0.242484371392),
(258, 2, 0.20083265553843),
(259, 3, 0.17185963213379),
(260, 4, 0.10332575479752),
(261, 5, 0.17566227464796),
(262, 6, 0.050355795150852),
(263, 8, 0.055479516339451),
(264, 1, 0.242484371392),
(265, 2, 0.20083265553843),
(266, 3, 0.17185963213379),
(267, 4, 0.10332575479752),
(268, 5, 0.17566227464796),
(269, 6, 0.050355795150852),
(270, 8, 0.055479516339451),
(271, 1, 0.242484371392),
(272, 2, 0.20083265553843),
(273, 3, 0.17185963213379),
(274, 4, 0.10332575479752),
(275, 5, 0.17566227464796),
(276, 6, 0.050355795150852),
(277, 8, 0.055479516339451),
(278, 1, 0.242484371392),
(279, 2, 0.20083265553843),
(280, 3, 0.17185963213379),
(281, 4, 0.10332575479752),
(282, 5, 0.17566227464796),
(283, 6, 0.050355795150852),
(284, 8, 0.055479516339451),
(285, 1, 0.242484371392),
(286, 2, 0.20083265553843),
(287, 3, 0.17185963213379),
(288, 4, 0.10332575479752),
(289, 5, 0.17566227464796),
(290, 6, 0.050355795150852),
(291, 8, 0.055479516339451),
(292, 1, 0.242484371392),
(293, 2, 0.20083265553843),
(294, 3, 0.17185963213379),
(295, 4, 0.10332575479752),
(296, 5, 0.17566227464796),
(297, 6, 0.050355795150852),
(298, 8, 0.055479516339451),
(299, 1, 0.242484371392),
(300, 2, 0.20083265553843),
(301, 3, 0.17185963213379),
(302, 4, 0.10332575479752),
(303, 5, 0.17566227464796),
(304, 6, 0.050355795150852),
(305, 8, 0.055479516339451),
(306, 1, 0.242484371392),
(307, 2, 0.20083265553843),
(308, 3, 0.17185963213379),
(309, 4, 0.10332575479752),
(310, 5, 0.17566227464796),
(311, 6, 0.050355795150852),
(312, 8, 0.055479516339451),
(313, 1, 0.242484371392),
(314, 2, 0.20083265553843),
(315, 3, 0.17185963213379),
(316, 4, 0.10332575479752),
(317, 5, 0.17566227464796),
(318, 6, 0.050355795150852),
(319, 8, 0.055479516339451),
(320, 1, 0.242484371392),
(321, 2, 0.20083265553843),
(322, 3, 0.17185963213379),
(323, 4, 0.10332575479752),
(324, 5, 0.17566227464796),
(325, 6, 0.050355795150852),
(326, 8, 0.055479516339451),
(327, 1, 0.242484371392),
(328, 2, 0.20083265553843),
(329, 3, 0.17185963213379),
(330, 4, 0.10332575479752),
(331, 5, 0.17566227464796),
(332, 6, 0.050355795150852),
(333, 8, 0.055479516339451),
(334, 1, 0.242484371392),
(335, 2, 0.20083265553843),
(336, 3, 0.17185963213379),
(337, 4, 0.10332575479752),
(338, 5, 0.17566227464796),
(339, 6, 0.050355795150852),
(340, 8, 0.055479516339451),
(341, 1, 0.242484371392),
(342, 2, 0.20083265553843),
(343, 3, 0.17185963213379),
(344, 4, 0.10332575479752),
(345, 5, 0.17566227464796),
(346, 6, 0.050355795150852),
(347, 8, 0.055479516339451),
(348, 1, 0.242484371392),
(349, 2, 0.20083265553843),
(350, 3, 0.17185963213379),
(351, 4, 0.10332575479752),
(352, 5, 0.17566227464796),
(353, 6, 0.050355795150852),
(354, 8, 0.055479516339451),
(355, 1, 0.242484371392),
(356, 2, 0.20083265553843),
(357, 3, 0.17185963213379),
(358, 4, 0.10332575479752),
(359, 5, 0.17566227464796),
(360, 6, 0.050355795150852),
(361, 8, 0.055479516339451),
(362, 1, 0.242484371392),
(363, 2, 0.20083265553843),
(364, 3, 0.17185963213379),
(365, 4, 0.10332575479752),
(366, 5, 0.17566227464796),
(367, 6, 0.050355795150852),
(368, 8, 0.055479516339451),
(369, 1, 0.242484371392),
(370, 2, 0.20083265553843),
(371, 3, 0.17185963213379),
(372, 4, 0.10332575479752),
(373, 5, 0.17566227464796),
(374, 6, 0.050355795150852),
(375, 8, 0.055479516339451),
(376, 1, 0.242484371392),
(377, 2, 0.20083265553843),
(378, 3, 0.17185963213379),
(379, 4, 0.10332575479752),
(380, 5, 0.17566227464796),
(381, 6, 0.050355795150852),
(382, 8, 0.055479516339451),
(383, 1, 0.242484371392),
(384, 2, 0.20083265553843),
(385, 3, 0.17185963213379),
(386, 4, 0.10332575479752),
(387, 5, 0.17566227464796),
(388, 6, 0.050355795150852),
(389, 8, 0.055479516339451),
(390, 1, 0.242484371392),
(391, 2, 0.20083265553843),
(392, 3, 0.17185963213379),
(393, 4, 0.10332575479752),
(394, 5, 0.17566227464796),
(395, 6, 0.050355795150852),
(396, 8, 0.055479516339451),
(397, 1, 0.242484371392),
(398, 2, 0.20083265553843),
(399, 3, 0.17185963213379),
(400, 4, 0.10332575479752),
(401, 5, 0.17566227464796),
(402, 6, 0.050355795150852),
(403, 8, 0.055479516339451),
(404, 1, 0.242484371392),
(405, 2, 0.20083265553843),
(406, 3, 0.17185963213379),
(407, 4, 0.10332575479752),
(408, 5, 0.17566227464796),
(409, 6, 0.050355795150852),
(410, 8, 0.055479516339451),
(411, 1, 0.242484371392),
(412, 2, 0.20083265553843),
(413, 3, 0.17185963213379),
(414, 4, 0.10332575479752),
(415, 5, 0.17566227464796),
(416, 6, 0.050355795150852),
(417, 8, 0.055479516339451),
(418, 1, 0.242484371392),
(419, 2, 0.20083265553843),
(420, 3, 0.17185963213379),
(421, 4, 0.10332575479752),
(422, 5, 0.17566227464796),
(423, 6, 0.050355795150852),
(424, 8, 0.055479516339451),
(425, 1, 0.242484371392),
(426, 2, 0.20083265553843),
(427, 3, 0.17185963213379),
(428, 4, 0.10332575479752),
(429, 5, 0.17566227464796),
(430, 6, 0.050355795150852),
(431, 8, 0.055479516339451),
(432, 1, 0.242484371392),
(433, 2, 0.20083265553843),
(434, 3, 0.17185963213379),
(435, 4, 0.10332575479752),
(436, 5, 0.17566227464796),
(437, 6, 0.050355795150852),
(438, 8, 0.055479516339451),
(439, 1, 0.242484371392),
(440, 2, 0.20083265553843),
(441, 3, 0.17185963213379),
(442, 4, 0.10332575479752),
(443, 5, 0.17566227464796),
(444, 6, 0.050355795150852),
(445, 8, 0.055479516339451),
(446, 1, 0.242484371392),
(447, 2, 0.20083265553843),
(448, 3, 0.17185963213379),
(449, 4, 0.10332575479752),
(450, 5, 0.17566227464796),
(451, 6, 0.050355795150852),
(452, 8, 0.055479516339451),
(453, 1, 0.13214285714286),
(454, 2, 0.15064935064935),
(455, 3, 0.55941558441558),
(456, 4, 0.06461038961039),
(457, 5, 0.072402597402597),
(458, 6, 0.013636363636364),
(459, 8, 0.0071428571428571),
(460, 1, 0.13214285714286),
(461, 2, 0.15064935064935),
(462, 3, 0.55941558441558),
(463, 4, 0.06461038961039),
(464, 5, 0.072402597402597),
(465, 6, 0.013636363636364),
(466, 8, 0.0071428571428571),
(467, 1, 0.13214285714286),
(468, 2, 0.15064935064935),
(469, 3, 0.55941558441558),
(470, 4, 0.06461038961039),
(471, 5, 0.072402597402597),
(472, 6, 0.013636363636364),
(473, 8, 0.0071428571428571),
(474, 1, 0.13214285714286),
(475, 2, 0.15064935064935),
(476, 3, 0.55941558441558),
(477, 4, 0.06461038961039),
(478, 5, 0.072402597402597),
(479, 6, 0.013636363636364),
(480, 8, 0.0071428571428571),
(481, 1, 0.13214285714286),
(482, 2, 0.15064935064935),
(483, 3, 0.55941558441558),
(484, 4, 0.06461038961039),
(485, 5, 0.072402597402597),
(486, 6, 0.013636363636364),
(487, 8, 0.0071428571428571),
(488, 1, 0.13214285714286),
(489, 2, 0.15064935064935),
(490, 3, 0.55941558441558),
(491, 4, 0.06461038961039),
(492, 5, 0.072402597402597),
(493, 6, 0.013636363636364),
(494, 8, 0.0071428571428571),
(495, 1, 0.13214285714286),
(496, 2, 0.15064935064935),
(497, 3, 0.55941558441558),
(498, 4, 0.06461038961039),
(499, 5, 0.072402597402597),
(500, 6, 0.013636363636364),
(501, 8, 0.0071428571428571),
(502, 1, 0.13214285714286),
(503, 2, 0.15064935064935),
(504, 3, 0.55941558441558),
(505, 4, 0.06461038961039),
(506, 5, 0.072402597402597),
(507, 6, 0.013636363636364),
(508, 8, 0.0071428571428571),
(509, 1, 0.13214285714286),
(510, 2, 0.15064935064935),
(511, 3, 0.55941558441558),
(512, 4, 0.06461038961039),
(513, 5, 0.072402597402597),
(514, 6, 0.013636363636364),
(515, 8, 0.0071428571428571),
(516, 1, 0.13214285714286),
(517, 2, 0.15064935064935),
(518, 3, 0.55941558441558),
(519, 4, 0.06461038961039),
(520, 5, 0.072402597402597),
(521, 6, 0.013636363636364),
(522, 8, 0.0071428571428571),
(523, 1, 0.13214285714286),
(524, 2, 0.15064935064935),
(525, 3, 0.55941558441558),
(526, 4, 0.06461038961039),
(527, 5, 0.072402597402597),
(528, 6, 0.013636363636364),
(529, 8, 0.0071428571428571),
(530, 1, 0.13214285714286),
(531, 2, 0.15064935064935),
(532, 3, 0.55941558441558),
(533, 4, 0.06461038961039),
(534, 5, 0.072402597402597),
(535, 6, 0.013636363636364),
(536, 8, 0.0071428571428571),
(537, 1, 0.13214285714286),
(538, 2, 0.15064935064935),
(539, 3, 0.55941558441558),
(540, 4, 0.06461038961039),
(541, 5, 0.072402597402597),
(542, 6, 0.013636363636364),
(543, 8, 0.0071428571428571),
(544, 1, 0.13214285714286),
(545, 2, 0.15064935064935),
(546, 3, 0.55941558441558),
(547, 4, 0.06461038961039),
(548, 5, 0.072402597402597),
(549, 6, 0.013636363636364),
(550, 8, 0.0071428571428571),
(551, 1, 0.13214285714286),
(552, 2, 0.15064935064935),
(553, 3, 0.55941558441558),
(554, 4, 0.06461038961039),
(555, 5, 0.072402597402597),
(556, 6, 0.013636363636364),
(557, 8, 0.0071428571428571),
(558, 1, 0.13214285714286),
(559, 2, 0.15064935064935),
(560, 3, 0.55941558441558),
(561, 4, 0.06461038961039),
(562, 5, 0.072402597402597),
(563, 6, 0.013636363636364),
(564, 8, 0.0071428571428571),
(565, 1, 0.13214285714286),
(566, 2, 0.15064935064935),
(567, 3, 0.55941558441558),
(568, 4, 0.06461038961039),
(569, 5, 0.072402597402597),
(570, 6, 0.013636363636364),
(571, 8, 0.0071428571428571),
(572, 1, 0.13214285714286),
(573, 2, 0.15064935064935),
(574, 3, 0.55941558441558),
(575, 4, 0.06461038961039),
(576, 5, 0.072402597402597),
(577, 6, 0.013636363636364),
(578, 8, 0.0071428571428571),
(579, 1, 0.13214285714286),
(580, 2, 0.15064935064935),
(581, 3, 0.55941558441558),
(582, 4, 0.06461038961039),
(583, 5, 0.072402597402597),
(584, 6, 0.013636363636364),
(585, 8, 0.0071428571428571),
(586, 1, 0.13214285714286),
(587, 2, 0.15064935064935),
(588, 3, 0.55941558441558),
(589, 4, 0.06461038961039),
(590, 5, 0.072402597402597),
(591, 6, 0.013636363636364),
(592, 8, 0.0071428571428571),
(593, 1, 0.13214285714286),
(594, 2, 0.15064935064935),
(595, 3, 0.55941558441558),
(596, 4, 0.06461038961039),
(597, 5, 0.072402597402597),
(598, 6, 0.013636363636364),
(599, 8, 0.0071428571428571),
(600, 1, 0.13214285714286),
(601, 2, 0.15064935064935),
(602, 3, 0.55941558441558),
(603, 4, 0.06461038961039),
(604, 5, 0.072402597402597),
(605, 6, 0.013636363636364),
(606, 8, 0.0071428571428571),
(607, 1, 0.13214285714286),
(608, 2, 0.15064935064935),
(609, 3, 0.55941558441558),
(610, 4, 0.06461038961039),
(611, 5, 0.072402597402597),
(612, 6, 0.013636363636364),
(613, 8, 0.0071428571428571),
(614, 1, 0.13214285714286),
(615, 2, 0.15064935064935),
(616, 3, 0.55941558441558),
(617, 4, 0.06461038961039),
(618, 5, 0.072402597402597),
(619, 6, 0.013636363636364),
(620, 8, 0.0071428571428571),
(621, 1, 0.13214285714286),
(622, 2, 0.15064935064935),
(623, 3, 0.55941558441558),
(624, 4, 0.06461038961039),
(625, 5, 0.072402597402597),
(626, 6, 0.013636363636364),
(627, 8, 0.0071428571428571),
(628, 1, 0.13214285714286),
(629, 2, 0.15064935064935),
(630, 3, 0.55941558441558),
(631, 4, 0.06461038961039),
(632, 5, 0.072402597402597),
(633, 6, 0.013636363636364),
(634, 8, 0.0071428571428571),
(635, 1, 0.13214285714286),
(636, 2, 0.15064935064935),
(637, 3, 0.55941558441558),
(638, 4, 0.06461038961039),
(639, 5, 0.072402597402597),
(640, 6, 0.013636363636364),
(641, 8, 0.0071428571428571),
(642, 1, 0.13214285714286),
(643, 2, 0.15064935064935),
(644, 3, 0.55941558441558),
(645, 4, 0.06461038961039),
(646, 5, 0.072402597402597),
(647, 6, 0.013636363636364),
(648, 8, 0.0071428571428571),
(649, 1, 0.13214285714286),
(650, 2, 0.15064935064935),
(651, 3, 0.55941558441558),
(652, 4, 0.06461038961039),
(653, 5, 0.072402597402597),
(654, 6, 0.013636363636364),
(655, 8, 0.0071428571428571),
(656, 1, 0.13214285714286),
(657, 2, 0.15064935064935),
(658, 3, 0.55941558441558),
(659, 4, 0.06461038961039),
(660, 5, 0.072402597402597),
(661, 6, 0.013636363636364),
(662, 8, 0.0071428571428571),
(663, 1, 0.13214285714286),
(664, 2, 0.15064935064935),
(665, 3, 0.55941558441558),
(666, 4, 0.06461038961039),
(667, 5, 0.072402597402597),
(668, 6, 0.013636363636364),
(669, 8, 0.0071428571428571),
(670, 1, 0.13214285714286),
(671, 2, 0.15064935064935),
(672, 3, 0.55941558441558),
(673, 4, 0.06461038961039),
(674, 5, 0.072402597402597),
(675, 6, 0.013636363636364),
(676, 8, 0.0071428571428571),
(677, 1, 0.13214285714286),
(678, 2, 0.15064935064935),
(679, 3, 0.55941558441558),
(680, 4, 0.06461038961039),
(681, 5, 0.072402597402597),
(682, 6, 0.013636363636364),
(683, 8, 0.0071428571428571),
(684, 1, 0.13214285714286),
(685, 2, 0.15064935064935),
(686, 3, 0.55941558441558),
(687, 4, 0.06461038961039),
(688, 5, 0.072402597402597),
(689, 6, 0.013636363636364),
(690, 8, 0.0071428571428571),
(691, 1, 0.13214285714286),
(692, 2, 0.15064935064935),
(693, 3, 0.55941558441558),
(694, 4, 0.06461038961039),
(695, 5, 0.072402597402597),
(696, 6, 0.013636363636364),
(697, 8, 0.0071428571428571),
(698, 1, 0.13214285714286),
(699, 2, 0.15064935064935),
(700, 3, 0.55941558441558),
(701, 4, 0.06461038961039),
(702, 5, 0.072402597402597),
(703, 6, 0.013636363636364),
(704, 8, 0.0071428571428571),
(705, 1, 0.13214285714286),
(706, 2, 0.15064935064935),
(707, 3, 0.55941558441558),
(708, 4, 0.06461038961039),
(709, 5, 0.072402597402597),
(710, 6, 0.013636363636364),
(711, 8, 0.0071428571428571),
(712, 1, 0.13214285714286),
(713, 2, 0.15064935064935),
(714, 3, 0.55941558441558),
(715, 4, 0.06461038961039),
(716, 5, 0.072402597402597),
(717, 6, 0.013636363636364),
(718, 8, 0.0071428571428571),
(719, 1, 0.13214285714286),
(720, 2, 0.15064935064935),
(721, 3, 0.55941558441558),
(722, 4, 0.06461038961039),
(723, 5, 0.072402597402597),
(724, 6, 0.013636363636364),
(725, 8, 0.0071428571428571),
(726, 1, 0.13214285714286),
(727, 2, 0.15064935064935),
(728, 3, 0.55941558441558),
(729, 4, 0.06461038961039),
(730, 5, 0.072402597402597),
(731, 6, 0.013636363636364),
(732, 8, 0.0071428571428571),
(733, 1, 0.12883762200532),
(734, 2, 0.14627329192547),
(735, 3, 0.35062111801242),
(736, 4, 0.098225377107365),
(737, 5, 0.1187222715173),
(738, 6, 0.07866015971606),
(739, 8, 0.07866015971606),
(740, 1, 0.12883762200532),
(741, 2, 0.14627329192547),
(742, 3, 0.35062111801242),
(743, 4, 0.098225377107365),
(744, 5, 0.1187222715173),
(745, 6, 0.07866015971606),
(746, 8, 0.07866015971606),
(747, 1, 0.12883762200532),
(748, 2, 0.14627329192547),
(749, 3, 0.35062111801242),
(750, 4, 0.098225377107365),
(751, 5, 0.1187222715173),
(752, 6, 0.07866015971606),
(753, 8, 0.07866015971606),
(754, 1, 0.12883762200532),
(755, 2, 0.14627329192547),
(756, 3, 0.35062111801242),
(757, 4, 0.098225377107365),
(758, 5, 0.1187222715173),
(759, 6, 0.07866015971606),
(760, 8, 0.07866015971606),
(761, 1, 0.12883762200532),
(762, 2, 0.14627329192547),
(763, 3, 0.35062111801242),
(764, 4, 0.098225377107365),
(765, 5, 0.1187222715173),
(766, 6, 0.07866015971606),
(767, 8, 0.07866015971606),
(768, 1, 0.12883762200532),
(769, 2, 0.14627329192547),
(770, 3, 0.35062111801242),
(771, 4, 0.098225377107365),
(772, 5, 0.1187222715173),
(773, 6, 0.07866015971606),
(774, 8, 0.07866015971606),
(775, 1, 0.12883762200532),
(776, 2, 0.14627329192547),
(777, 3, 0.35062111801242),
(778, 4, 0.098225377107365),
(779, 5, 0.1187222715173),
(780, 6, 0.07866015971606),
(781, 8, 0.07866015971606),
(782, 1, 0.12883762200532),
(783, 2, 0.14627329192547),
(784, 3, 0.35062111801242),
(785, 4, 0.098225377107365),
(786, 5, 0.1187222715173),
(787, 6, 0.07866015971606),
(788, 8, 0.07866015971606),
(789, 1, 0.14285714285714),
(790, 2, 0.14285714285714),
(791, 3, 0.14285714285714),
(792, 4, 0.14285714285714),
(793, 5, 0.14285714285714),
(794, 6, 0.14285714285714),
(795, 8, 0.14285714285714),
(796, 1, 0.14285714285714),
(797, 2, 0.14285714285714),
(798, 3, 0.14285714285714),
(799, 4, 0.14285714285714),
(800, 5, 0.14285714285714),
(801, 6, 0.14285714285714),
(802, 8, 0.14285714285714),
(803, 1, 0.14285714285714),
(804, 2, 0.14285714285714),
(805, 3, 0.14285714285714),
(806, 4, 0.14285714285714),
(807, 5, 0.14285714285714),
(808, 6, 0.14285714285714),
(809, 8, 0.14285714285714),
(810, 1, 0.14285714285714),
(811, 2, 0.14285714285714),
(812, 3, 0.14285714285714),
(813, 4, 0.14285714285714),
(814, 5, 0.14285714285714),
(815, 6, 0.14285714285714),
(816, 8, 0.14285714285714),
(817, 1, 0.14285714285714),
(818, 2, 0.14285714285714),
(819, 3, 0.14285714285714),
(820, 4, 0.14285714285714),
(821, 5, 0.14285714285714),
(822, 6, 0.14285714285714),
(823, 8, 0.14285714285714),
(824, 1, 0.14285714285714),
(825, 2, 0.14285714285714),
(826, 3, 0.14285714285714),
(827, 4, 0.14285714285714),
(828, 5, 0.14285714285714),
(829, 6, 0.14285714285714),
(830, 8, 0.14285714285714),
(831, 1, 0.14285714285714),
(832, 2, 0.14285714285714),
(833, 3, 0.14285714285714),
(834, 4, 0.14285714285714),
(835, 5, 0.14285714285714),
(836, 6, 0.14285714285714),
(837, 8, 0.14285714285714),
(838, 1, 0.14285714285714),
(839, 2, 0.14285714285714),
(840, 3, 0.14285714285714),
(841, 4, 0.14285714285714),
(842, 5, 0.14285714285714),
(843, 6, 0.14285714285714),
(844, 8, 0.14285714285714),
(845, 1, 0.23809523809524),
(846, 2, 0.14285714285714),
(847, 3, 0.14285714285714),
(848, 4, 0.047619047619048),
(849, 5, 0.14285714285714),
(850, 6, 0.14285714285714),
(851, 8, 0.14285714285714),
(852, 1, 0.25),
(853, 2, 0.035714285714286),
(854, 3, 0.14285714285714),
(855, 4, 0.14285714285714),
(856, 5, 0.14285714285714),
(857, 6, 0.14285714285714),
(858, 8, 0.14285714285714),
(859, 1, 0.25),
(860, 2, 0.035714285714286),
(861, 3, 0.14285714285714),
(862, 4, 0.14285714285714),
(863, 5, 0.14285714285714),
(864, 6, 0.14285714285714),
(865, 8, 0.14285714285714),
(866, 1, 0.14285714285714),
(867, 2, 0.14285714285714),
(868, 3, 0.14285714285714),
(869, 4, 0.14285714285714),
(870, 5, 0.14285714285714),
(871, 6, 0.14285714285714),
(872, 8, 0.14285714285714),
(873, 1, 0.14285714285714),
(874, 2, 0.14285714285714),
(875, 3, 0.14285714285714),
(876, 4, 0.14285714285714),
(877, 5, 0.14285714285714),
(878, 6, 0.14285714285714),
(879, 8, 0.14285714285714),
(880, 1, 0.14285714285714),
(881, 2, 0.14285714285714),
(882, 3, 0.14285714285714),
(883, 4, 0.14285714285714),
(884, 5, 0.14285714285714),
(885, 6, 0.14285714285714),
(886, 8, 0.14285714285714),
(887, 1, 0.14285714285714),
(888, 2, 0.14285714285714),
(889, 3, 0.14285714285714),
(890, 4, 0.14285714285714),
(891, 5, 0.14285714285714),
(892, 6, 0.14285714285714),
(893, 8, 0.14285714285714),
(894, 1, 0.14285714285714),
(895, 2, 0.14285714285714),
(896, 3, 0.14285714285714),
(897, 4, 0.14285714285714),
(898, 5, 0.14285714285714),
(899, 6, 0.14285714285714),
(900, 8, 0.14285714285714),
(901, 1, 0.14285714285714),
(902, 2, 0.14285714285714),
(903, 3, 0.14285714285714),
(904, 4, 0.14285714285714),
(905, 5, 0.14285714285714),
(906, 6, 0.14285714285714),
(907, 8, 0.14285714285714),
(908, 1, 0.25),
(909, 2, 0.14285714285714),
(910, 3, 0.035714285714286),
(911, 4, 0.14285714285714),
(912, 5, 0.14285714285714),
(913, 6, 0.14285714285714),
(914, 8, 0.14285714285714),
(915, 1, 0.25),
(916, 2, 0.14285714285714),
(917, 3, 0.035714285714286),
(918, 4, 0.14285714285714),
(919, 5, 0.14285714285714),
(920, 6, 0.14285714285714),
(921, 8, 0.14285714285714),
(922, 1, 0.29761904761905),
(923, 2, 0.095238095238095),
(924, 3, 0.035714285714286),
(925, 4, 0.14285714285714),
(926, 5, 0.14285714285714),
(927, 6, 0.14285714285714),
(928, 8, 0.14285714285714),
(929, 1, 0.20521541950113),
(930, 2, 0.10997732426304),
(931, 3, 0.11337868480726),
(932, 4, 0.14285714285714),
(933, 5, 0.14285714285714),
(934, 6, 0.14285714285714),
(935, 8, 0.14285714285714),
(936, 1, 0.12705227387606),
(937, 2, 0.14607841630633),
(938, 3, 0.43700749031741),
(939, 4, 0.089377360942715),
(940, 5, 0.12087215591458),
(941, 6, 0.037353691603429),
(942, 8, 0.042258611039485),
(943, 1, 0.12705227387606),
(944, 2, 0.14607841630633),
(945, 3, 0.43700749031741),
(946, 4, 0.089377360942715),
(947, 5, 0.12087215591458),
(948, 6, 0.037353691603429),
(949, 8, 0.042258611039485),
(950, 1, 0.12705227387606),
(951, 2, 0.14607841630633),
(952, 3, 0.43700749031741),
(953, 4, 0.089377360942715),
(954, 5, 0.12087215591458),
(955, 6, 0.037353691603429),
(956, 8, 0.042258611039485),
(957, 1, 0.12705227387606),
(958, 2, 0.14607841630633),
(959, 3, 0.43700749031741),
(960, 4, 0.089377360942715),
(961, 5, 0.12087215591458),
(962, 6, 0.037353691603429),
(963, 8, 0.042258611039485),
(964, 1, 0.12705227387606),
(965, 2, 0.14607841630633),
(966, 3, 0.43700749031741),
(967, 4, 0.089377360942715),
(968, 5, 0.12087215591458),
(969, 6, 0.037353691603429),
(970, 8, 0.042258611039485),
(971, 1, 0.12705227387606),
(972, 2, 0.14607841630633),
(973, 3, 0.43700749031741),
(974, 4, 0.089377360942715),
(975, 5, 0.12087215591458),
(976, 6, 0.037353691603429),
(977, 8, 0.042258611039485),
(978, 1, 0.12705227387606),
(979, 2, 0.14607841630633),
(980, 3, 0.43700749031741),
(981, 4, 0.089377360942715),
(982, 5, 0.12087215591458),
(983, 6, 0.037353691603429),
(984, 8, 0.042258611039485),
(985, 1, 0.12705227387606),
(986, 2, 0.14607841630633),
(987, 3, 0.43700749031741),
(988, 4, 0.089377360942715),
(989, 5, 0.12087215591458),
(990, 6, 0.037353691603429),
(991, 8, 0.042258611039485),
(992, 1, 0.15094339622642),
(993, 2, 0.13477088948787),
(994, 3, 0.14285714285714),
(995, 4, 0.14285714285714),
(996, 5, 0.14285714285714),
(997, 6, 0.14285714285714),
(998, 8, 0.14285714285714),
(999, 1, 0.15094339622642),
(1000, 2, 0.13477088948787),
(1001, 3, 0.14285714285714),
(1002, 4, 0.14285714285714),
(1003, 5, 0.14285714285714),
(1004, 6, 0.14285714285714),
(1005, 8, 0.14285714285714),
(1006, 1, 0.15094339622642),
(1007, 2, 0.13477088948787),
(1008, 3, 0.14285714285714),
(1009, 4, 0.14285714285714),
(1010, 5, 0.14285714285714),
(1011, 6, 0.14285714285714),
(1012, 8, 0.14285714285714),
(1013, 1, 0.15094339622642),
(1014, 2, 0.13477088948787),
(1015, 3, 0.14285714285714),
(1016, 4, 0.14285714285714),
(1017, 5, 0.14285714285714),
(1018, 6, 0.14285714285714),
(1019, 8, 0.14285714285714),
(1020, 1, 0.1408808131838),
(1021, 2, 0.1331051402787),
(1022, 3, 0.41341161516362),
(1023, 4, 0.092831136900977),
(1024, 5, 0.13020038739711),
(1025, 6, 0.043739788322618),
(1026, 8, 0.045831118753182),
(1027, 1, 0.1408808131838),
(1028, 2, 0.1331051402787),
(1029, 3, 0.41341161516362),
(1030, 4, 0.092831136900977),
(1031, 5, 0.13020038739711),
(1032, 6, 0.043739788322618),
(1033, 8, 0.045831118753182),
(1034, 1, 0.1408808131838),
(1035, 2, 0.1331051402787),
(1036, 3, 0.41341161516362),
(1037, 4, 0.092831136900977),
(1038, 5, 0.13020038739711),
(1039, 6, 0.043739788322618),
(1040, 8, 0.045831118753182),
(1041, 1, 0.1408808131838),
(1042, 2, 0.1331051402787),
(1043, 3, 0.41341161516362),
(1044, 4, 0.092831136900977),
(1045, 5, 0.13020038739711),
(1046, 6, 0.043739788322618),
(1047, 8, 0.045831118753182),
(1048, 1, 0.1408808131838),
(1049, 2, 0.1331051402787),
(1050, 3, 0.41341161516362),
(1051, 4, 0.092831136900977),
(1052, 5, 0.13020038739711),
(1053, 6, 0.043739788322618),
(1054, 8, 0.045831118753182),
(1055, 1, 0.1408808131838),
(1056, 2, 0.1331051402787),
(1057, 3, 0.41341161516362),
(1058, 4, 0.092831136900977),
(1059, 5, 0.13020038739711),
(1060, 6, 0.043739788322618),
(1061, 8, 0.045831118753182),
(1062, 1, 0.1408808131838),
(1063, 2, 0.1331051402787),
(1064, 3, 0.41341161516362),
(1065, 4, 0.092831136900977),
(1066, 5, 0.13020038739711),
(1067, 6, 0.043739788322618),
(1068, 8, 0.045831118753182),
(1069, 1, 0.1408808131838),
(1070, 2, 0.1331051402787),
(1071, 3, 0.41341161516362),
(1072, 4, 0.092831136900977),
(1073, 5, 0.13020038739711),
(1074, 6, 0.043739788322618),
(1075, 8, 0.045831118753182),
(1076, 1, 0.1408808131838),
(1077, 2, 0.1331051402787),
(1078, 3, 0.41341161516362),
(1079, 4, 0.092831136900977),
(1080, 5, 0.13020038739711),
(1081, 6, 0.043739788322618),
(1082, 8, 0.045831118753182),
(1083, 1, 0.1408808131838),
(1084, 2, 0.1331051402787),
(1085, 3, 0.41341161516362),
(1086, 4, 0.092831136900977),
(1087, 5, 0.13020038739711),
(1088, 6, 0.043739788322618),
(1089, 8, 0.045831118753182),
(1090, 1, 0.1408808131838),
(1091, 2, 0.1331051402787),
(1092, 3, 0.41341161516362),
(1093, 4, 0.092831136900977),
(1094, 5, 0.13020038739711),
(1095, 6, 0.043739788322618),
(1096, 8, 0.045831118753182),
(1097, 1, 0.1408808131838),
(1098, 2, 0.1331051402787),
(1099, 3, 0.41341161516362),
(1100, 4, 0.092831136900977),
(1101, 5, 0.13020038739711),
(1102, 6, 0.043739788322618),
(1103, 8, 0.045831118753182),
(1104, 1, 0.1408808131838),
(1105, 2, 0.1331051402787),
(1106, 3, 0.41341161516362),
(1107, 4, 0.092831136900977),
(1108, 5, 0.13020038739711),
(1109, 6, 0.043739788322618),
(1110, 8, 0.045831118753182),
(1111, 1, 0.1408808131838),
(1112, 2, 0.1331051402787),
(1113, 3, 0.41341161516362),
(1114, 4, 0.092831136900977),
(1115, 5, 0.13020038739711),
(1116, 6, 0.043739788322618),
(1117, 8, 0.045831118753182),
(1118, 1, 0.1408808131838),
(1119, 2, 0.1331051402787),
(1120, 3, 0.41341161516362),
(1121, 4, 0.092831136900977),
(1122, 5, 0.13020038739711),
(1123, 6, 0.043739788322618),
(1124, 8, 0.045831118753182),
(1125, 1, 0.1408808131838),
(1126, 2, 0.1331051402787),
(1127, 3, 0.41341161516362),
(1128, 4, 0.092831136900977),
(1129, 5, 0.13020038739711),
(1130, 6, 0.043739788322618),
(1131, 8, 0.045831118753182),
(1132, 1, 0.1408808131838),
(1133, 2, 0.1331051402787),
(1134, 3, 0.41341161516362),
(1135, 4, 0.092831136900977),
(1136, 5, 0.13020038739711),
(1137, 6, 0.043739788322618),
(1138, 8, 0.045831118753182);

-- --------------------------------------------------------

--
-- Struktur dari tabel `kriteria`
--

CREATE TABLE `kriteria` (
  `id` int(11) NOT NULL,
  `kode` varchar(50) NOT NULL,
  `kriteria` varchar(255) NOT NULL,
  `jenis` enum('benefit','cost') NOT NULL
) ENGINE=InnoDB DEFAULT CHARSET=utf8mb4 COLLATE=utf8mb4_general_ci;

--
-- Dumping data untuk tabel `kriteria`
--

INSERT INTO `kriteria` (`id`, `kode`, `kriteria`, `jenis`) VALUES
(1, 'C1', 'Passing', 'benefit'),
(2, 'C2', 'Servis', 'benefit'),
(3, 'C3', 'Smash', 'benefit'),
(4, 'C4', 'Blok', 'benefit'),
(5, 'C5', 'Kerjasama Tim', 'benefit'),
(6, 'C6', 'IMT', 'cost'),
(8, 'C7', 'Kecepatan', 'benefit');

-- --------------------------------------------------------

--
-- Struktur dari tabel `penilaian`
--

CREATE TABLE `penilaian` (
  `id` int(11) NOT NULL,
  `alternatif_id` int(11) NOT NULL,
  `kriteria_id` int(11) NOT NULL,
  `nilai` decimal(5,2) NOT NULL
) ENGINE=InnoDB DEFAULT CHARSET=utf8mb4 COLLATE=utf8mb4_general_ci;

--
-- Dumping data untuk tabel `penilaian`
--

INSERT INTO `penilaian` (`id`, `alternatif_id`, `kriteria_id`, `nilai`) VALUES
(8, 2, 1, 88.00),
(9, 2, 2, 79.00),
(10, 2, 3, 85.50),
(11, 2, 4, 71.00),
(12, 2, 5, 95.00),
(13, 2, 6, 19.68),
(15, 3, 1, 88.00),
(16, 3, 2, 86.00),
(17, 3, 3, 85.00),
(18, 3, 4, 86.50),
(19, 3, 5, 95.00),
(20, 3, 6, 21.08),
(22, 4, 1, 88.00),
(23, 4, 2, 90.00),
(24, 4, 3, 92.50),
(25, 4, 4, 90.00),
(26, 4, 5, 95.00),
(27, 4, 6, 20.66),
(29, 5, 1, 76.50),
(30, 5, 2, 76.50),
(31, 5, 3, 84.00),
(32, 5, 4, 88.00),
(33, 5, 5, 95.00),
(34, 5, 6, 22.04),
(36, 6, 1, 75.00),
(37, 6, 2, 70.00),
(38, 6, 3, 72.50),
(39, 6, 4, 62.50),
(40, 6, 5, 95.00),
(41, 6, 6, 22.35),
(43, 7, 1, 81.50),
(44, 7, 2, 79.00),
(45, 7, 3, 80.00),
(46, 7, 4, 65.00),
(47, 7, 5, 95.00),
(48, 7, 6, 22.03),
(50, 8, 1, 79.00),
(51, 8, 2, 76.00),
(52, 8, 3, 79.00),
(53, 8, 4, 62.50),
(54, 8, 5, 95.00),
(55, 8, 6, 19.40),
(57, 9, 1, 81.00),
(58, 9, 2, 74.00),
(59, 9, 3, 72.50),
(60, 9, 4, 62.50),
(61, 9, 5, 95.00),
(62, 9, 6, 18.37),
(64, 10, 1, 77.00),
(65, 10, 2, 72.50),
(66, 10, 3, 80.50),
(67, 10, 4, 70.00),
(68, 10, 5, 95.00),
(69, 10, 6, 19.53),
(71, 11, 1, 86.00),
(72, 11, 2, 78.50),
(73, 11, 3, 76.50),
(74, 11, 4, 62.50),
(75, 11, 5, 95.00),
(76, 11, 6, 17.75),
(78, 12, 1, 86.00),
(79, 12, 2, 73.50),
(80, 12, 3, 76.50),
(81, 12, 4, 62.50),
(82, 12, 5, 95.00),
(83, 12, 6, 22.35),
(834, 13, 1, 84.00),
(835, 13, 2, 77.50),
(836, 13, 3, 72.50),
(837, 13, 4, 90.00),
(838, 13, 5, 95.00),
(839, 13, 6, 20.70),
(847, 2, 8, 7.00),
(854, 3, 8, 7.80),
(861, 4, 8, 7.20),
(868, 5, 8, 8.10),
(875, 6, 8, 7.90),
(882, 7, 8, 8.30),
(889, 8, 8, 6.80),
(896, 9, 8, 5.30),
(903, 10, 8, 7.00),
(910, 11, 8, 5.10),
(917, 12, 8, 8.00),
(924, 13, 8, 7.10);

-- --------------------------------------------------------

--
-- Struktur dari tabel `perbandingan_kriteria`
--

CREATE TABLE `perbandingan_kriteria` (
  `id` int(11) NOT NULL,
  `kriteria1_id` int(11) NOT NULL,
  `kriteria2_id` int(11) NOT NULL,
  `nilai` decimal(5,2) NOT NULL
) ENGINE=InnoDB DEFAULT CHARSET=utf8mb4 COLLATE=utf8mb4_general_ci;

--
-- Dumping data untuk tabel `perbandingan_kriteria`
--

INSERT INTO `perbandingan_kriteria` (`id`, `kriteria1_id`, `kriteria2_id`, `nilai`) VALUES
(1, 1, 2, 0.00),
(2, 1, 3, 0.00),
(3, 1, 4, 0.00),
(4, 1, 5, 0.00),
(5, 1, 6, 0.00),
(6, 1, 8, 0.00),
(7, 2, 1, 0.00),
(8, 2, 3, 0.00),
(9, 2, 4, 0.00),
(10, 2, 5, 0.00),
(11, 2, 6, 0.00),
(12, 2, 8, 0.00),
(13, 3, 1, 0.00),
(14, 3, 2, 0.00),
(15, 3, 4, 0.00),
(16, 3, 5, 0.00),
(17, 3, 6, 0.00),
(18, 3, 8, 0.00),
(19, 4, 1, 0.00),
(20, 4, 2, 0.00),
(21, 4, 3, 0.00),
(22, 4, 5, 0.00),
(23, 4, 6, 0.00),
(24, 4, 8, 0.00),
(25, 5, 1, 0.00),
(26, 5, 2, 0.00),
(27, 5, 3, 0.00),
(28, 5, 4, 0.00),
(29, 5, 6, 0.00),
(30, 5, 8, 0.00),
(31, 6, 1, 0.00),
(32, 6, 2, 0.00),
(33, 6, 3, 0.00),
(34, 6, 4, 0.00),
(35, 6, 5, 0.00),
(36, 6, 8, 0.00),
(37, 8, 1, 0.00),
(38, 8, 2, 0.00),
(39, 8, 3, 0.00),
(40, 8, 4, 0.00),
(41, 8, 5, 0.00),
(42, 8, 6, 0.00),
(43, 1, 2, 0.00),
(44, 1, 3, 0.00),
(45, 1, 4, 0.00),
(46, 1, 5, 0.00),
(47, 1, 6, 0.00),
(48, 1, 8, 0.00),
(49, 2, 1, 0.00),
(50, 2, 3, 0.00),
(51, 2, 4, 0.00),
(52, 2, 5, 0.00),
(53, 2, 6, 0.00),
(54, 2, 8, 0.00),
(55, 3, 1, 0.00),
(56, 3, 2, 0.00),
(57, 3, 4, 0.00),
(58, 3, 5, 0.00),
(59, 3, 6, 0.00),
(60, 3, 8, 0.00),
(61, 4, 1, 0.00),
(62, 4, 2, 0.00),
(63, 4, 3, 0.00),
(64, 4, 5, 0.00),
(65, 4, 6, 0.00),
(66, 4, 8, 0.00),
(67, 5, 1, 0.00),
(68, 5, 2, 0.00),
(69, 5, 3, 0.00),
(70, 5, 4, 0.00),
(71, 5, 6, 0.00),
(72, 5, 8, 0.00),
(73, 6, 1, 0.00),
(74, 6, 2, 0.00),
(75, 6, 3, 0.00),
(76, 6, 4, 0.00),
(77, 6, 5, 0.00),
(78, 6, 8, 0.00),
(79, 8, 1, 0.00),
(80, 8, 2, 0.00),
(81, 8, 3, 0.00),
(82, 8, 4, 0.00),
(83, 8, 5, 0.00),
(84, 8, 6, 0.00),
(85, 1, 2, 0.00),
(86, 1, 3, 0.00),
(87, 1, 4, 0.00),
(88, 1, 5, 0.00),
(89, 1, 6, 0.00),
(90, 1, 8, 0.00),
(91, 2, 1, 0.00),
(92, 2, 3, 0.00),
(93, 2, 4, 0.00),
(94, 2, 5, 0.00),
(95, 2, 6, 0.00),
(96, 2, 8, 0.00),
(97, 3, 1, 0.00),
(98, 3, 2, 0.00),
(99, 3, 4, 0.00),
(100, 3, 5, 0.00),
(101, 3, 6, 0.00),
(102, 3, 8, 0.00),
(103, 4, 1, 0.00),
(104, 4, 2, 0.00),
(105, 4, 3, 0.00),
(106, 4, 5, 0.00),
(107, 4, 6, 0.00),
(108, 4, 8, 0.00),
(109, 5, 1, 0.00),
(110, 5, 2, 0.00),
(111, 5, 3, 0.00),
(112, 5, 4, 0.00),
(113, 5, 6, 0.00),
(114, 5, 8, 0.00),
(115, 6, 1, 0.00),
(116, 6, 2, 0.00),
(117, 6, 3, 0.00),
(118, 6, 4, 0.00),
(119, 6, 5, 0.00),
(120, 6, 8, 0.00),
(121, 8, 1, 0.00),
(122, 8, 2, 0.00),
(123, 8, 3, 0.00),
(124, 8, 4, 0.00),
(125, 8, 5, 0.00),
(126, 8, 6, 0.00),
(127, 1, 2, 0.00),
(128, 1, 3, 3.00),
(129, 1, 4, 0.00),
(130, 1, 5, 0.00),
(131, 1, 6, 0.00),
(132, 1, 8, 0.00),
(133, 2, 1, 0.00),
(134, 2, 3, 0.00),
(135, 2, 4, 0.00),
(136, 2, 5, 0.00),
(137, 2, 6, 0.00),
(138, 2, 8, 0.00),
(139, 3, 1, 0.00),
(140, 3, 2, 0.00),
(141, 3, 4, 0.00),
(142, 3, 5, 0.00),
(143, 3, 6, 0.00),
(144, 3, 8, 0.00),
(145, 4, 1, 0.00),
(146, 4, 2, 0.00),
(147, 4, 3, 0.00),
(148, 4, 5, 0.00),
(149, 4, 6, 0.00),
(150, 4, 8, 0.00),
(151, 5, 1, 0.00),
(152, 5, 2, 0.00),
(153, 5, 3, 0.00),
(154, 5, 4, 0.00),
(155, 5, 6, 0.00),
(156, 5, 8, 0.00),
(157, 6, 1, 0.00),
(158, 6, 2, 0.00),
(159, 6, 3, 0.00),
(160, 6, 4, 0.00),
(161, 6, 5, 0.00),
(162, 6, 8, 0.00),
(163, 8, 1, 0.00),
(164, 8, 2, 0.00),
(165, 8, 3, 0.00),
(166, 8, 4, 0.00),
(167, 8, 5, 0.00),
(168, 8, 6, 0.00),
(169, 1, 2, 0.00),
(170, 1, 3, 3.00),
(171, 1, 4, 0.00),
(172, 1, 5, 0.00),
(173, 1, 6, 0.00),
(174, 1, 8, 0.00),
(175, 2, 1, 0.00),
(176, 2, 3, 0.00),
(177, 2, 4, 0.00),
(178, 2, 5, 0.00),
(179, 2, 6, 0.00),
(180, 2, 8, 0.00),
(181, 3, 1, 0.00),
(182, 3, 2, 0.00),
(183, 3, 4, 0.00),
(184, 3, 5, 0.00),
(185, 3, 6, 0.00),
(186, 3, 8, 0.00),
(187, 4, 1, 0.00),
(188, 4, 2, 0.00),
(189, 4, 3, 0.00),
(190, 4, 5, 0.00),
(191, 4, 6, 0.00),
(192, 4, 8, 0.00),
(193, 5, 1, 0.00),
(194, 5, 2, 0.00),
(195, 5, 3, 0.00),
(196, 5, 4, 0.00),
(197, 5, 6, 0.00),
(198, 5, 8, 0.00),
(199, 6, 1, 0.00),
(200, 6, 2, 0.00),
(201, 6, 3, 0.00),
(202, 6, 4, 0.00),
(203, 6, 5, 0.00),
(204, 6, 8, 0.00),
(205, 8, 1, 0.00),
(206, 8, 2, 0.00),
(207, 8, 3, 0.00),
(208, 8, 4, 0.00),
(209, 8, 5, 0.00),
(210, 8, 6, 0.00),
(211, 1, 2, 0.50),
(212, 1, 3, 3.00),
(213, 1, 4, 0.00),
(214, 1, 5, 0.00),
(215, 1, 6, 0.00),
(216, 1, 8, 0.00),
(217, 2, 1, 0.00),
(218, 2, 3, 0.00),
(219, 2, 4, 0.00),
(220, 2, 5, 0.00),
(221, 2, 6, 0.00),
(222, 2, 8, 0.00),
(223, 3, 1, 0.00),
(224, 3, 2, 0.00),
(225, 3, 4, 0.00),
(226, 3, 5, 0.00),
(227, 3, 6, 0.00),
(228, 3, 8, 0.00),
(229, 4, 1, 0.00),
(230, 4, 2, 0.00),
(231, 4, 3, 0.00),
(232, 4, 5, 0.00),
(233, 4, 6, 0.00),
(234, 4, 8, 0.00),
(235, 5, 1, 0.00),
(236, 5, 2, 0.00),
(237, 5, 3, 0.00),
(238, 5, 4, 0.00),
(239, 5, 6, 0.00),
(240, 5, 8, 0.00),
(241, 6, 1, 0.00),
(242, 6, 2, 0.00),
(243, 6, 3, 0.00),
(244, 6, 4, 0.00),
(245, 6, 5, 0.00),
(246, 6, 8, 0.00),
(247, 8, 1, 0.00),
(248, 8, 2, 0.00),
(249, 8, 3, 0.00),
(250, 8, 4, 0.00),
(251, 8, 5, 0.00),
(252, 8, 6, 0.00),
(253, 1, 2, 0.50),
(254, 1, 3, 0.13),
(255, 1, 4, 0.00),
(256, 1, 5, 0.00),
(257, 1, 6, 0.00),
(258, 1, 8, 0.00),
(259, 2, 1, 0.00),
(260, 2, 3, 0.13),
(261, 2, 4, 0.00),
(262, 2, 5, 0.00),
(263, 2, 6, 0.00),
(264, 2, 8, 0.00),
(265, 3, 1, 0.00),
(266, 3, 2, 0.00),
(267, 3, 4, 0.00),
(268, 3, 5, 0.00),
(269, 3, 6, 0.00),
(270, 3, 8, 0.00),
(271, 4, 1, 0.00),
(272, 4, 2, 0.00),
(273, 4, 3, 0.00),
(274, 4, 5, 0.00),
(275, 4, 6, 0.00),
(276, 4, 8, 0.00),
(277, 5, 1, 0.00),
(278, 5, 2, 0.00),
(279, 5, 3, 0.00),
(280, 5, 4, 0.00),
(281, 5, 6, 0.00),
(282, 5, 8, 0.00),
(283, 6, 1, 0.00),
(284, 6, 2, 0.00),
(285, 6, 3, 0.00),
(286, 6, 4, 0.00),
(287, 6, 5, 0.00),
(288, 6, 8, 0.00),
(289, 8, 1, 0.00),
(290, 8, 2, 0.00),
(291, 8, 3, 0.00),
(292, 8, 4, 0.00),
(293, 8, 5, 0.00),
(294, 8, 6, 0.00),
(295, 1, 2, 1.00),
(296, 1, 3, 0.13),
(297, 1, 4, 4.00),
(298, 1, 5, 1.00),
(299, 1, 6, 3.00),
(300, 1, 8, 2.00),
(301, 2, 1, 1.00),
(302, 2, 3, 0.13),
(303, 2, 4, 3.00),
(304, 2, 5, 2.00),
(305, 2, 6, 4.00),
(306, 2, 8, 3.00),
(307, 3, 1, 8.00),
(308, 3, 2, 8.00),
(309, 3, 4, 3.00),
(310, 3, 5, 3.00),
(311, 3, 6, 7.00),
(312, 3, 8, 7.00),
(313, 4, 1, 0.25),
(314, 4, 2, 0.33),
(315, 4, 3, 0.33),
(316, 4, 5, 1.00),
(317, 4, 6, 3.00),
(318, 4, 8, 2.00),
(319, 5, 1, 1.00),
(320, 5, 2, 0.50),
(321, 5, 3, 0.33),
(322, 5, 4, 1.00),
(323, 5, 6, 4.00),
(324, 5, 8, 4.00),
(325, 6, 1, 0.33),
(326, 6, 2, 0.25),
(327, 6, 3, 0.14),
(328, 6, 4, 0.33),
(329, 6, 5, 0.25),
(330, 6, 8, 1.00),
(331, 8, 1, 0.50),
(332, 8, 2, 0.33),
(333, 8, 3, 0.14),
(334, 8, 4, 0.50),
(335, 8, 5, 0.25),
(336, 8, 6, 1.00),
(337, 1, 2, 1.00),
(338, 1, 3, 0.13),
(339, 1, 4, 4.00),
(340, 1, 5, 1.00),
(341, 1, 6, 3.00),
(342, 1, 8, 2.00),
(343, 2, 1, 1.00),
(344, 2, 3, 0.13),
(345, 2, 4, 3.00),
(346, 2, 5, 2.00),
(347, 2, 6, 4.00),
(348, 2, 8, 3.00),
(349, 3, 1, 8.00),
(350, 3, 2, 8.00),
(351, 3, 4, 3.00),
(352, 3, 5, 3.00),
(353, 3, 6, 7.00),
(354, 3, 8, 7.00),
(355, 4, 1, 0.25),
(356, 4, 2, 0.33),
(357, 4, 3, 0.33),
(358, 4, 5, 1.00),
(359, 4, 6, 3.00),
(360, 4, 8, 2.00),
(361, 5, 1, 1.00),
(362, 5, 2, 0.50),
(363, 5, 3, 0.33),
(364, 5, 4, 1.00),
(365, 5, 6, 4.00),
(366, 5, 8, 4.00),
(367, 6, 1, 0.33),
(368, 6, 2, 0.25),
(369, 6, 3, 0.14),
(370, 6, 4, 0.33),
(371, 6, 5, 0.25),
(372, 6, 8, 1.00),
(373, 8, 1, 0.50),
(374, 8, 2, 0.33),
(375, 8, 3, 0.14),
(376, 8, 4, 0.50),
(377, 8, 5, 0.25),
(378, 8, 6, 1.00),
(379, 1, 2, 1.00),
(380, 1, 3, 0.13),
(381, 1, 4, 4.00),
(382, 1, 5, 1.00),
(383, 1, 6, 3.00),
(384, 1, 8, 2.00),
(385, 2, 1, 1.00),
(386, 2, 3, 0.13),
(387, 2, 4, 3.00),
(388, 2, 5, 2.00),
(389, 2, 6, 4.00),
(390, 2, 8, 3.00),
(391, 3, 1, 8.00),
(392, 3, 2, 8.00),
(393, 3, 4, 3.00),
(394, 3, 5, 3.00),
(395, 3, 6, 7.00),
(396, 3, 8, 7.00),
(397, 4, 1, 0.25),
(398, 4, 2, 0.33),
(399, 4, 3, 0.33),
(400, 4, 5, 1.00),
(401, 4, 6, 3.00),
(402, 4, 8, 2.00),
(403, 5, 1, 1.00),
(404, 5, 2, 0.50),
(405, 5, 3, 0.33),
(406, 5, 4, 1.00),
(407, 5, 6, 4.00),
(408, 5, 8, 4.00),
(409, 6, 1, 0.33),
(410, 6, 2, 0.25),
(411, 6, 3, 0.14),
(412, 6, 4, 0.33),
(413, 6, 5, 0.25),
(414, 6, 8, 1.00),
(415, 8, 1, 0.50),
(416, 8, 2, 0.33),
(417, 8, 3, 0.14),
(418, 8, 4, 0.50),
(419, 8, 5, 0.25),
(420, 8, 6, 1.00),
(421, 1, 2, 0.06),
(422, 1, 3, 0.00),
(423, 1, 4, 0.00),
(424, 1, 5, 0.00),
(425, 1, 6, 0.00),
(426, 1, 8, 0.00),
(427, 2, 1, 0.00),
(428, 2, 3, 0.00),
(429, 2, 4, 0.00),
(430, 2, 5, 0.00),
(431, 2, 6, 0.00),
(432, 2, 8, 0.00),
(433, 3, 1, 0.00),
(434, 3, 2, 0.00),
(435, 3, 4, 0.00),
(436, 3, 5, 0.00),
(437, 3, 6, 0.00),
(438, 3, 8, 0.00),
(439, 4, 1, 0.00),
(440, 4, 2, 0.00),
(441, 4, 3, 0.00),
(442, 4, 5, 0.00),
(443, 4, 6, 0.00),
(444, 4, 8, 0.00),
(445, 5, 1, 0.00),
(446, 5, 2, 0.00),
(447, 5, 3, 0.00),
(448, 5, 4, 0.00),
(449, 5, 6, 0.00),
(450, 5, 8, 0.00),
(451, 6, 1, 0.00),
(452, 6, 2, 0.00),
(453, 6, 3, 0.00),
(454, 6, 4, 0.00),
(455, 6, 5, 0.00),
(456, 6, 8, 0.00),
(457, 8, 1, 0.00),
(458, 8, 2, 0.00),
(459, 8, 3, 0.00),
(460, 8, 4, 0.00),
(461, 8, 5, 0.00),
(462, 8, 6, 0.00),
(463, 1, 2, 0.06),
(464, 1, 3, 0.00),
(465, 1, 4, 0.00),
(466, 1, 5, 0.00),
(467, 1, 6, 0.00),
(468, 1, 8, 0.00),
(469, 2, 1, 0.00),
(470, 2, 3, 0.00),
(471, 2, 4, 0.00),
(472, 2, 5, 0.00),
(473, 2, 6, 0.00),
(474, 2, 8, 0.00),
(475, 3, 1, 0.00),
(476, 3, 2, 0.00),
(477, 3, 4, 0.00),
(478, 3, 5, 0.00),
(479, 3, 6, 0.00),
(480, 3, 8, 0.00),
(481, 4, 1, 0.00),
(482, 4, 2, 0.00),
(483, 4, 3, 0.00),
(484, 4, 5, 0.00),
(485, 4, 6, 0.00),
(486, 4, 8, 0.00),
(487, 5, 1, 0.00),
(488, 5, 2, 0.00),
(489, 5, 3, 0.00),
(490, 5, 4, 0.00),
(491, 5, 6, 0.00),
(492, 5, 8, 0.00),
(493, 6, 1, 0.00),
(494, 6, 2, 0.00),
(495, 6, 3, 0.00),
(496, 6, 4, 0.00),
(497, 6, 5, 0.00),
(498, 6, 8, 0.00),
(499, 8, 1, 0.00),
(500, 8, 2, 0.00),
(501, 8, 3, 0.00),
(502, 8, 4, 0.00),
(503, 8, 5, 0.00),
(504, 8, 6, 0.00),
(505, 1, 2, 0.06),
(506, 1, 3, 0.00),
(507, 1, 4, 0.00),
(508, 1, 5, 0.00),
(509, 1, 6, 0.00),
(510, 1, 8, 0.00),
(511, 2, 1, 0.00),
(512, 2, 3, 0.00),
(513, 2, 4, 0.00),
(514, 2, 5, 0.00),
(515, 2, 6, 0.00),
(516, 2, 8, 0.00),
(517, 3, 1, 0.00),
(518, 3, 2, 0.00),
(519, 3, 4, 0.00),
(520, 3, 5, 0.00),
(521, 3, 6, 0.00),
(522, 3, 8, 0.00),
(523, 4, 1, 0.00),
(524, 4, 2, 0.00),
(525, 4, 3, 0.00),
(526, 4, 5, 0.00),
(527, 4, 6, 0.00),
(528, 4, 8, 0.00),
(529, 5, 1, 0.00),
(530, 5, 2, 0.00),
(531, 5, 3, 0.00),
(532, 5, 4, 0.00),
(533, 5, 6, 0.00),
(534, 5, 8, 0.00),
(535, 6, 1, 0.00),
(536, 6, 2, 0.00),
(537, 6, 3, 0.00),
(538, 6, 4, 0.00),
(539, 6, 5, 0.00),
(540, 6, 8, 0.00),
(541, 8, 1, 0.00),
(542, 8, 2, 0.00),
(543, 8, 3, 0.00),
(544, 8, 4, 0.00),
(545, 8, 5, 0.00),
(546, 8, 6, 0.00),
(547, 1, 2, 0.06),
(548, 1, 3, 0.00),
(549, 1, 4, 0.00),
(550, 1, 5, 0.00),
(551, 1, 6, 0.00),
(552, 1, 8, 0.00),
(553, 2, 1, 0.00),
(554, 2, 3, 0.00),
(555, 2, 4, 0.00),
(556, 2, 5, 0.00),
(557, 2, 6, 0.00),
(558, 2, 8, 0.00),
(559, 3, 1, 0.00),
(560, 3, 2, 0.00),
(561, 3, 4, 0.00),
(562, 3, 5, 0.00),
(563, 3, 6, 0.00),
(564, 3, 8, 0.00),
(565, 4, 1, 0.00),
(566, 4, 2, 0.00),
(567, 4, 3, 0.00),
(568, 4, 5, 0.00),
(569, 4, 6, 0.00),
(570, 4, 8, 0.00),
(571, 5, 1, 0.00),
(572, 5, 2, 0.00),
(573, 5, 3, 0.00),
(574, 5, 4, 0.00),
(575, 5, 6, 0.00),
(576, 5, 8, 0.00),
(577, 6, 1, 0.00),
(578, 6, 2, 0.00),
(579, 6, 3, 0.00),
(580, 6, 4, 0.00),
(581, 6, 5, 0.00),
(582, 6, 8, 0.00),
(583, 8, 1, 0.00),
(584, 8, 2, 0.00),
(585, 8, 3, 0.00),
(586, 8, 4, 0.00),
(587, 8, 5, 0.00),
(588, 8, 6, 0.00),
(589, 1, 2, 2.00),
(590, 1, 3, 0.16),
(591, 1, 4, 3.00),
(592, 1, 5, 1.00),
(593, 1, 6, 3.00),
(594, 1, 8, 2.50),
(595, 2, 1, 0.67),
(596, 2, 3, 0.16),
(597, 2, 4, 2.50),
(598, 2, 5, 1.50),
(599, 2, 6, 3.50),
(600, 2, 8, 3.00),
(601, 3, 1, 6.50),
(602, 3, 2, 6.50),
(603, 3, 4, 3.50),
(604, 3, 5, 3.50),
(605, 3, 6, 5.50),
(606, 3, 8, 5.50),
(607, 4, 1, 0.38),
(608, 4, 2, 0.42),
(609, 4, 3, 0.29),
(610, 4, 5, 1.00),
(611, 4, 6, 2.50),
(612, 4, 8, 2.50),
(613, 5, 1, 1.00),
(614, 5, 2, 0.75),
(615, 5, 3, 0.29),
(616, 5, 4, 1.00),
(617, 5, 6, 4.50),
(618, 5, 8, 4.00),
(619, 6, 1, 0.33),
(620, 6, 2, 0.29),
(621, 6, 3, 0.20),
(622, 6, 4, 0.42),
(623, 6, 5, 0.23),
(624, 6, 8, 1.00),
(625, 8, 1, 0.42),
(626, 8, 2, 0.33),
(627, 8, 3, 0.20),
(628, 8, 4, 0.42),
(629, 8, 5, 0.25),
(630, 8, 6, 1.00),
(631, 1, 2, 2.00),
(632, 1, 3, 0.16),
(633, 1, 4, 3.00),
(634, 1, 5, 1.00),
(635, 1, 6, 3.00),
(636, 1, 8, 2.50),
(637, 2, 1, 0.67),
(638, 2, 3, 0.16),
(639, 2, 4, 2.50),
(640, 2, 5, 1.50),
(641, 2, 6, 3.50),
(642, 2, 8, 3.00),
(643, 3, 1, 6.50),
(644, 3, 2, 6.50),
(645, 3, 4, 3.50),
(646, 3, 5, 3.50),
(647, 3, 6, 5.50),
(648, 3, 8, 5.50),
(649, 4, 1, 0.38),
(650, 4, 2, 0.42),
(651, 4, 3, 0.29),
(652, 4, 5, 1.00),
(653, 4, 6, 2.50),
(654, 4, 8, 2.50),
(655, 5, 1, 1.00),
(656, 5, 2, 0.75),
(657, 5, 3, 0.29),
(658, 5, 4, 1.00),
(659, 5, 6, 4.50),
(660, 5, 8, 4.00),
(661, 6, 1, 0.33),
(662, 6, 2, 0.29),
(663, 6, 3, 0.20),
(664, 6, 4, 0.42),
(665, 6, 5, 0.23),
(666, 6, 8, 1.00),
(667, 8, 1, 0.42),
(668, 8, 2, 0.33),
(669, 8, 3, 0.20),
(670, 8, 4, 0.42),
(671, 8, 5, 0.25),
(672, 8, 6, 1.00);

-- --------------------------------------------------------

--
-- Struktur dari tabel `saw_skor`
--

CREATE TABLE `saw_skor` (
  `id` int(11) NOT NULL,
  `alternatif_id` int(11) NOT NULL,
  `skor` double NOT NULL
) ENGINE=InnoDB DEFAULT CHARSET=utf8mb4 COLLATE=utf8mb4_general_ci;

--
-- Dumping data untuk tabel `saw_skor`
--

INSERT INTO `saw_skor` (`id`, `alternatif_id`, `skor`) VALUES
(2, 2, 0.9029),
(3, 3, 0.9672),
(4, 4, 0.9594),
(5, 5, 0.7953),
(6, 6, 0.7489),
(7, 7, 0.7489),
(8, 8, 0.7411),
(9, 9, 0.7588),
(10, 10, 0.7643),
(11, 11, 0.794),
(12, 12, 0.7842),
(13, 13, 0.7875);

-- --------------------------------------------------------

--
-- Struktur dari tabel `users`
--

CREATE TABLE `users` (
  `id` int(11) NOT NULL,
  `name` varchar(255) NOT NULL,
  `username` varchar(50) NOT NULL,
  `email` varchar(100) NOT NULL,
  `password` varchar(255) NOT NULL,
  `reset_token` varchar(255) DEFAULT NULL,
  `reset_token_expiry` datetime DEFAULT NULL,
  `created_at` timestamp NOT NULL DEFAULT current_timestamp()
) ENGINE=InnoDB DEFAULT CHARSET=utf8mb4 COLLATE=utf8mb4_general_ci;

--
-- Dumping data untuk tabel `users`
--

INSERT INTO `users` (`id`, `name`, `username`, `email`, `password`, `reset_token`, `reset_token_expiry`, `created_at`) VALUES
(3, 'Admin', 'admin', 'septiyanah280201@gmail.com', '$2y$10$aZ05VdEsMQArNHxkAa2Ly.ErNI0Lfo2BbhVJTa/2EZmZC/TpgpjpW', NULL, NULL, '2025-02-10 12:27:59'),
(5, 'Siti Nurahayu', 'ayu', 'yanahsepti28@gmail.com', '$2y$10$OhaqK0XsZj1MAE3mi05vbOrVPWVNqovbVRZADeH66WXa.rEBN/JSW', NULL, NULL, '2025-04-09 10:20:20');

--
-- Indexes for dumped tables
--

--
-- Indeks untuk tabel `alternatif`
--
ALTER TABLE `alternatif`
  ADD PRIMARY KEY (`id`),
  ADD UNIQUE KEY `kode` (`kode`);

--
-- Indeks untuk tabel `alternatif_data`
--
ALTER TABLE `alternatif_data`
  ADD PRIMARY KEY (`id`),
  ADD UNIQUE KEY `alternatif_id` (`alternatif_id`);

--
-- Indeks untuk tabel `bobot_kriteria`
--
ALTER TABLE `bobot_kriteria`
  ADD PRIMARY KEY (`id`),
  ADD KEY `kriteria_id` (`kriteria_id`);

--
-- Indeks untuk tabel `kriteria`
--
ALTER TABLE `kriteria`
  ADD PRIMARY KEY (`id`);

--
-- Indeks untuk tabel `penilaian`
--
ALTER TABLE `penilaian`
  ADD PRIMARY KEY (`id`),
  ADD UNIQUE KEY `unique_penilaian` (`alternatif_id`,`kriteria_id`),
  ADD KEY `alternatif_id` (`alternatif_id`),
  ADD KEY `kriteria_id` (`kriteria_id`);

--
-- Indeks untuk tabel `perbandingan_kriteria`
--
ALTER TABLE `perbandingan_kriteria`
  ADD PRIMARY KEY (`id`),
  ADD KEY `kriteria1_id` (`kriteria1_id`),
  ADD KEY `kriteria2_id` (`kriteria2_id`);

--
-- Indeks untuk tabel `saw_skor`
--
ALTER TABLE `saw_skor`
  ADD PRIMARY KEY (`id`),
  ADD KEY `alternatif_id` (`alternatif_id`);

--
-- Indeks untuk tabel `users`
--
ALTER TABLE `users`
  ADD PRIMARY KEY (`id`),
  ADD UNIQUE KEY `username` (`username`),
  ADD UNIQUE KEY `email` (`email`);

--
-- AUTO_INCREMENT untuk tabel yang dibuang
--

--
-- AUTO_INCREMENT untuk tabel `alternatif`
--
ALTER TABLE `alternatif`
  MODIFY `id` int(11) NOT NULL AUTO_INCREMENT, AUTO_INCREMENT=14;

--
-- AUTO_INCREMENT untuk tabel `alternatif_data`
--
ALTER TABLE `alternatif_data`
  MODIFY `id` int(11) NOT NULL AUTO_INCREMENT, AUTO_INCREMENT=37;

--
-- AUTO_INCREMENT untuk tabel `bobot_kriteria`
--
ALTER TABLE `bobot_kriteria`
  MODIFY `id` int(11) NOT NULL AUTO_INCREMENT, AUTO_INCREMENT=1139;

--
-- AUTO_INCREMENT untuk tabel `kriteria`
--
ALTER TABLE `kriteria`
  MODIFY `id` int(11) NOT NULL AUTO_INCREMENT, AUTO_INCREMENT=9;

--
-- AUTO_INCREMENT untuk tabel `penilaian`
--
ALTER TABLE `penilaian`
  MODIFY `id` int(11) NOT NULL AUTO_INCREMENT, AUTO_INCREMENT=1102;

--
-- AUTO_INCREMENT untuk tabel `perbandingan_kriteria`
--
ALTER TABLE `perbandingan_kriteria`
  MODIFY `id` int(11) NOT NULL AUTO_INCREMENT, AUTO_INCREMENT=673;

--
-- AUTO_INCREMENT untuk tabel `saw_skor`
--
ALTER TABLE `saw_skor`
  MODIFY `id` int(11) NOT NULL AUTO_INCREMENT, AUTO_INCREMENT=14;

--
-- AUTO_INCREMENT untuk tabel `users`
--
ALTER TABLE `users`
  MODIFY `id` int(11) NOT NULL AUTO_INCREMENT, AUTO_INCREMENT=6;

--
-- Ketidakleluasaan untuk tabel pelimpahan (Dumped Tables)
--

--
-- Ketidakleluasaan untuk tabel `alternatif_data`
--
ALTER TABLE `alternatif_data`
  ADD CONSTRAINT `alternatif_data_ibfk_1` FOREIGN KEY (`alternatif_id`) REFERENCES `alternatif` (`id`);

--
-- Ketidakleluasaan untuk tabel `bobot_kriteria`
--
ALTER TABLE `bobot_kriteria`
  ADD CONSTRAINT `bobot_kriteria_ibfk_1` FOREIGN KEY (`kriteria_id`) REFERENCES `kriteria` (`id`) ON DELETE CASCADE;

--
-- Ketidakleluasaan untuk tabel `penilaian`
--
ALTER TABLE `penilaian`
  ADD CONSTRAINT `penilaian_ibfk_1` FOREIGN KEY (`alternatif_id`) REFERENCES `alternatif` (`id`) ON DELETE CASCADE,
  ADD CONSTRAINT `penilaian_ibfk_2` FOREIGN KEY (`kriteria_id`) REFERENCES `kriteria` (`id`) ON DELETE CASCADE;

--
-- Ketidakleluasaan untuk tabel `perbandingan_kriteria`
--
ALTER TABLE `perbandingan_kriteria`
  ADD CONSTRAINT `perbandingan_kriteria_ibfk_1` FOREIGN KEY (`kriteria1_id`) REFERENCES `kriteria` (`id`) ON DELETE CASCADE,
  ADD CONSTRAINT `perbandingan_kriteria_ibfk_2` FOREIGN KEY (`kriteria2_id`) REFERENCES `kriteria` (`id`) ON DELETE CASCADE;

--
-- Ketidakleluasaan untuk tabel `saw_skor`
--
ALTER TABLE `saw_skor`
  ADD CONSTRAINT `saw_skor_ibfk_1` FOREIGN KEY (`alternatif_id`) REFERENCES `alternatif` (`id`) ON DELETE CASCADE;
COMMIT;

/*!40101 SET CHARACTER_SET_CLIENT=@OLD_CHARACTER_SET_CLIENT */;
/*!40101 SET CHARACTER_SET_RESULTS=@OLD_CHARACTER_SET_RESULTS */;
/*!40101 SET COLLATION_CONNECTION=@OLD_COLLATION_CONNECTION */;
